{
	"credit": "Made by crazyfl with Blockbench",
	"parent": "block/spore_blossom",
	"gui_light": "front",
	"display": {
		"thirdperson_righthand": {
			"rotation": [90, 45, 0],
			"translation": [0, -2, -3],
			"scale": [0.375, 0.375, 0.375]
		},
		"thirdperson_lefthand": {
			"rotation": [90, 45, 0],
			"translation": [0, -2, -3],
			"scale": [0.375, 0.375, 0.375]
		},
		"firstperson_righthand": {
			"rotation": [90, 45, 0],
			"scale": [0.4, 0.4, 0.4]
		},
		"firstperson_lefthand": {
			"rotation": [90, 45, 0],
			"scale": [0.4, 0.4, 0.4]
		},
		"ground": {
			"translation": [0, 3, 0],
			"scale": [0.25, 0.25, 0.25]
		},
		"gui": {
			"rotation": [-30, 45, 0],
			"scale": [0.625, 0.625, 0.625]
		},
		"head": {
			"rotation": [180, 0, 0],
			"translation": [0, 14.5, 0]
		},
		"fixed": {
			"rotation": [90, 0, 0],
			"translation": [0, 0, -4],
			"scale": [0.5, 0.5, 0.5]
		}
	}
}