{
	"credit": "Made by crazyfl with Blockbench",
	"textures": {
		"0": "block/miner",
		"particle": "block/miner"
	},
	"elements": [
		{
			"from": [0.5, 10, 0.5],
			"to": [15.5, 16, 15.5],
			"rotation": {"angle": 0, "axis": "y", "origin": [0, -1, 0]},
			"faces": {
				"north": {"uv": [0, 4, 8, 0], "texture": "#0"},
				"east": {"uv": [0, 4, 8, 8], "texture": "#0"},
				"south": {"uv": [0, 4, 8, 0], "texture": "#0"},
				"west": {"uv": [0, 4, 8, 8], "texture": "#0"},
				"up": {"uv": [0, 0, 8, 8], "texture": "#0"}
			}
		},
		{
			"from": [5.5, 10, -3],
			"to": [10.5, 15, 0],
			"shade": false,
			"rotation": {"angle": 22.5, "axis": "z", "origin": [8, 12.5, -1.5]},
			"faces": {
				"north": {"uv": [3, 11, 8, 16], "texture": "#0"},
				"east": {"uv": [8, 8, 3, 11], "texture": "#0"},
				"south": {"uv": [3, 11, 8, 16], "texture": "#0"},
				"west": {"uv": [3, 8, 8, 11], "texture": "#0"},
				"up": {"uv": [3, 8, 8, 11], "rotation": 90, "texture": "#0"},
				"down": {"uv": [8, 8, 3, 11], "rotation": 90, "texture": "#0"}
			}
		},
		{
			"from": [6, 11, -0.25],
			"to": [10, 17, 16.25],
			"rotation": {"angle": 0, "axis": "y", "origin": [0, -1, 0]},
			"faces": {
				"north": {"uv": [0, 13, 2, 16], "texture": "#0"},
				"east": {"uv": [0, 8, 3, 16], "rotation": 270, "texture": "#0"},
				"south": {"uv": [0, 13, 2, 16], "texture": "#0"},
				"west": {"uv": [0, 8, 3, 16], "rotation": 270, "texture": "#0"},
				"up": {"uv": [2, 16, 0, 8], "texture": "#0"}
			}
		},
		{
			"from": [-1, 9, -1],
			"to": [17, 11, 17],
			"rotation": {"angle": 0, "axis": "y", "origin": [0, -1, 0]},
			"faces": {
				"north": {"uv": [8, 8, 16, 9], "texture": "#0"},
				"east": {"uv": [8, 8, 16, 9], "texture": "#0"},
				"south": {"uv": [8, 8, 16, 9], "texture": "#0"},
				"west": {"uv": [8, 8, 16, 9], "texture": "#0"},
				"up": {"uv": [8, 0, 16, 8], "texture": "#0"},
				"down": {"uv": [8, 0, 16, 8], "texture": "#0"}
			}
		}
	],
	"display": {
		"thirdperson_righthand": {
			"rotation": [75, 135, 0],
			"translation": [0, 2.5, 0],
			"scale": [0.375, 0.375, 0.375]
		},
		"firstperson_righthand": {
			"rotation": [0, 135, 0],
			"scale": [0.4, 0.4, 0.4]
		},
		"ground": {
			"translation": [0, 3, 0],
			"scale": [0.25, 0.25, 0.25]
		},
		"gui": {
			"rotation": [30, 135, 0],
			"translation": [0, -2.5, 0],
			"scale": [0.625, 0.625, 0.625]
		},
		"head": {
			"scale": [0.98, 0.98, 0.98]
		},
		"fixed": {
			"rotation": [-90, 0, 0],
			"translation": [0, 0, 1],
			"scale": [1.1, 1.1, 1.1]
		}
	}
}